{"cameraMode":{"drawMode":0,"name":"Shaded","section":"Shading Mode"},"sceneLighting":false,"audioPlay":false,"sceneViewState":{"showFog":true,"showMaterialUpdate":false,"showSkybox":false,"showFlares":true,"showImageEffects":true,"showParticleSystems":true},"in2DMode":false,"pivot":{"x":7.646999835968018,"y":1.5051000118255616,"z":4.1107001304626469},"rotation":{"x":0.24113892018795014,"y":-0.664727509021759,"z":0.24115146696567536,"w":0.6647070050239563},"size":0.05715853348374367,"orthographic":false}